start,end,slug,title,source_file,system_category
1,10,Maint_00_General_Info,General Information,00 - General.pdf,general
11,25,Maint_00_Safety,Safety Procedures,00 - General.pdf,general
26,40,Maint_00_Specifications,General Specifications,00 - General.pdf,general
41,74,Maint_00_General_Maintenance,General Maintenance Procedures,00 - General.pdf,general
1,1,Maint_0_Foreward,Maintenance Manual Foreward,0 - Foreward.pdf,general
1,4,Maint_01_Engine_Housing,Engine Housing Maintenance,01 - Engine Housing.pdf,engine
1,5,Maint_05_Engine_Timing,Engine Timing Maintenance,05 - Engine Timing.pdf,engine
1,5,Maint_07_Fuel_Injectors,Fuel Injector Maintenance,07 - Fuel Injectors.pdf,fuel
1,4,Maint_09_Air_Filter,Air Filter Maintenance,09 - Air Filter.pdf,fuel
1,5,Maint_13_Air_Compressor,Air Compressor Maintenance,13 - Air Compressor + Belts.pdf,brakes
6,10,Maint_13_Belt_System,Belt System Maintenance,13 - Air Compressor + Belts.pdf,engine
1,4,Maint_18_Engine_Lubrication,Engine Lubrication Maintenance,18 - Engine Lubrication.pdf,lubrication
1,3,Maint_24_Engine_Mounts,Engine Mount Maintenance,24 - Engine Mounts.pdf,engine
1,2,Maint_25_Clutch,Clutch Maintenance,25 - Clutch.pdf,transmission
1,4,Maint_26_Transmission,Transmission Maintenance,26 - Transmission.pdf,transmission
1,3,Maint_29_Pedal_Linkage,Pedal Linkage Maintenance,29 - Pedal Linkage.pdf,brakes
1,3,Maint_31_Frame,Frame Maintenance,31 - Frame.pdf,general
1,2,Maint_32_Suspension,Suspension Maintenance,32 - Suspension.pdf,suspension
1,6,Maint_33_Front_Axle,Front Axle Maintenance,33 - Front Axle.pdf,axles
1,1,Maint_35_Rear_Axle,Rear Axle Maintenance,35 - Rear Axle.pdf,axles
1,5,Maint_40_Wheels_Prop_Shafts,Wheels and Prop Shafts Maintenance,40 - Wheels + Prop Shafts.pdf,axles
1,8,Maint_42_Brakes_Hydraulic,Hydraulic Brakes Maintenance,42 - Brakes - Hydraulic + Mechanical.pdf,brakes
9,16,Maint_42_Brakes_Mechanical,Mechanical Brakes Maintenance,42 - Brakes - Hydraulic + Mechanical.pdf,brakes
1,1,Maint_43_Brakes_Pneumatic,Pneumatic Brakes Maintenance,43 - Brakes - Pneumatic.pdf,brakes
1,6,Maint_46_Steering,Steering Maintenance,46 - Steering.pdf,steering
1,2,Maint_49_Exhaust,Exhaust Maintenance,49 - Exhaust.pdf,engine
1,4,Maint_50_Cooling_System,Cooling System Maintenance,50 - Cooling System.pdf,cooling
1,3,Maint_54_Batteries,Battery Maintenance,54 - Batteries.pdf,electrical
1,3,Maint_55_Hydraulic_Equipment,Hydraulic Equipment Maintenance,55 - Special Equipment.pdf,hydraulic
4,6,Maint_55_Electrical_Equipment,Electrical Equipment Maintenance,55 - Special Equipment.pdf,electrical
7,9,Maint_55_Mechanical_Equipment,Mechanical Equipment Maintenance,55 - Special Equipment.pdf,general
1,4,Maint_60_Cab_Structure,Cab Structure Maintenance,60 - Body.pdf,body
5,8,Maint_60_Doors_Windows,Doors and Windows Maintenance,60 - Body.pdf,body
9,12,Maint_60_Seats_Interior,Seats and Interior Maintenance,60 - Body.pdf,body
13,19,Maint_60_Body_Panels,Body Panels Maintenance,60 - Body.pdf,body
1,2,Maint_82_Headlights,Headlight Maintenance,82 - Headlights.pdf,electrical